ProductName,Result,가장_적합한_HS_코드,Match_2,Match_4,Match_6
"품목명: 오뚜기 흰밥, 210g, 24개",100640,190410,False,False,False
"품목명: 신라면 120g, 30개",190230,190230,True,True,True
"품목명: 스팸 25% 라이트, 9개",150420,160241,False,False,False
"품목명: 동원 라이트 스탠다드 참치, 85g, 8개",160419,160414,True,True,False
"품목명: 동원 고추 참치, 85g, 8개",160419,160414,True,True,False
"품목명: 펩시 콜라 제로슈거 라임향, 210ml, 30개",220210,220210,True,True,True
"품목명: 탐사수 무라벨, 2L, 24개",220110,220190,True,True,False
"품목명: 오뚜기 진라면 컵 매운맛 65g, 30개",190230,210410,False,False,False
"품목명: 곰곰 더 진한 갈비탕 (냉동), 600g, 5개",020220,160210,False,False,False
"품목명: 블루다이아몬드 아몬드 브리즈 오리지널, 190ml, 24개",080212,22029990,False,False,False
"품목명: 비비고 왕교자 (냉동), 1.05kg, 2개",160552,190230,False,False,False
"품목명: 귤탐 당도선별 11brix 감귤, 2kg(로열과), 1개",200899,080550,False,False,False
"품목명: 양반 현미밥, 130g, 24개",100620,190410,False,False,False
"품목명: 담터 호두 아몬드 율무차, 18g, 50개입, 1개",210120,210120,True,True,True
"품목명: 농심 육개장 사발면 86g, 30개",210390,1902301000,False,False,False
"품목명: 종근당 칼슘 앤 마그네슘 비타민D 아연, 180정, 2개",300450,210690,False,False,False
"품목명: 햇반 즉석 백미밥, 210g, 36개",110630,190410,False,False,False
"품목명: 삼립 호빵 발효미종 단팥 7입 + 야채 7입, 1세트",190120,190590,True,False,False
"품목명: 해표 콩기름 식용유, 1.8L, 3개",151620,001508,False,False,False
"품목명: 오뚜기 맛있는 오뚜기밥, 210g, 36개",160540,190590,False,False,False
"품목명: 펩시 제로슈거 라임향 무라벨, 300ml, 20개",220299,220210,True,True,False
"품목명: 이롬 황성주 검은콩 고칼슘 두유, 190ml, 24개",190110,220210,False,False,False
"품목명: 곰곰 무항생제 신선한 대란, 60구, 1개",040899,040721,True,False,False
"품목명: 농심 웰치스 포도맛, 355ml, 24개",220299,220210,True,True,False
"품목명: 맥심 화이트 골드 커피믹스, 11.7g, 160개입, 1개",090111,210111,False,False,False
품목명: 오뚜기 3분카레 약간 매운맛 200g 6개,210390,210390,True,True,True
"품목명: 아카페라 심플리 디카페인 아메리카노 무라벨, 400ml, 20개",090190,210120,False,False,False
"품목명: 더단백 드링크 초코, 250ml, 18개",180632,220290,False,False,False
"품목명: 티젠 콤부차 레몬, 5g, 50개입, 1개",210690,220290,False,False,False
"품목명: 안성탕면 125g, 40개",190230,190230,True,True,True
"품목명: 농심 신라면120g(5입)X3개/무료배송, 15개",190230,190230,True,True,True
"품목명: 오뚜기 열라면 120g, 40개",190230,19023000,True,True,False
"품목명: 오리온 와우스낵 과자 선물세트, 포카칩4p + 꼬북칩4p + 오감자4p + 돌아온 썬칩4p, 1세트",190590,190590,True,True,True
"품목명: 곰곰 달달 꿀호떡, 700g, 1개",190540,190590,True,True,False
"품목명: 삼립 리얼 후레쉬 치즈케익 10개입, 700g, 1개",040610,190120,False,False,False
"품목명: 아몰리바 포마스 올리브오일, 1L, 1개",150920,001509,False,False,False
"품목명: 제주삼다수, 500ml, 40개",220190,2201101000,True,True,False
"품목명: CJ제일제당 유기농 맛밤 42g 맛밤, 10개",200899,200899,True,True,True
"품목명: 하림 닭볶음탕용 닭고기 (냉장) 2개입, 1000g, 2개",020712,020712,True,True,True
"품목명: 햇반 흑미밥, 210g, 24개",100640,190490,False,False,False
"품목명: 투데이넛 너트한줌 프리미엄 믹스넛, 20g, 50개",110630,200819,False,False,False
"품목명: 다향오리 1등급 훈제 오리 슬라이스, 600g, 1개",020744,160231,False,False,False
"품목명: 프렌치카페 카페믹스 마일드, 11.1g, 210개입, 1개",210112,2101200000,True,True,False
"품목명: 곰곰 양념 소불고기 (냉장), 1kg, 1개",160242,160250,True,True,False
"품목명: 짜파게티 140g, 40개",190230,190230,True,True,True
"품목명: 곰곰 새우 볶음밥 (냉동), 300g, 6개",160540,190410,False,False,False
"품목명: 곰곰 소중한 우리쌀 2024년(햅쌀), 10kg(상등급), 1개",100610,001006,False,False,False
"품목명: 고래사어묵 도톰하고 쫄깃한 꼬치어묵 22개입 (냉동), 949g, 1개",030752,160420,False,False,False
"품목명: 곰곰 반숙란 (냉장), 20구, 1개",020690,040700,False,False,False
"품목명: 프레시지 더큰 햄가득 부대전골 밀키트 2인분, 868g, 1개",160559,160232,True,False,False
"품목명: 코카콜라, 350ml, 24개",210690,220210,False,False,False
"품목명: 센트룸 멀티 구미 비타민, 80정, 160g, 1개",300450,210690,False,False,False
"품목명: 너구리 얼큰한 맛 120g, 40개",160540,190230,False,False,False
"품목명: 삼립 계란옷 입은 몬테크리스토 토스트 3개입, 540g, 1개",190540,190590,True,True,False
"품목명: 맥심 모카골드 마일드 커피믹스, 12g, 160개입, 1박스",090111,2101120000,False,False,False
"품목명: 서울우유 멸균 흰우유, 200ml, 48개",350220,000401,False,False,False
"품목명: 종가 맛김치 PET, 1.2kg, 1개",210390,200190,False,False,False
"품목명: 분다버그 핑크자몽 375ml 10병, 10개",220600,220210,True,False,False
"품목명: 곰곰 신선한 우유, 2.3L, 3개",040610,000401,False,False,False
"품목명: [안녕골목마켓]사무실 과자 세트 10종 탕비실 간식 오예스미니+초코하임+화이트하임+쿠크다스+촉촉한초코칩+빈츠+엄마손파이+마가렛트+오뜨치즈+후렌치파이, 1개, 192g",180632,19059090,False,False,False
"품목명: 칠성사이다, 210ml, 30개",210690,220210,False,False,False
"품목명: 곰곰 맥반석 구운란, 30구, 1개",350219,040721,False,False,False
"품목명: 서울우유 더 진한 순수 플레인 요거트, 1.8L, 2개",040320,040310,True,True,False
"품목명: 칠성사이다 제로, 210ml, 30개",220600,220210,True,False,False
"품목명: 스팸 클래식 3P, 200g, 9개",382486,160250,False,False,False
"품목명: 제주삼다수 그린 무라벨, 500ml, 60개",220190,220190,True,True,True
"품목명: 트레비 레몬 ECO 탄산수 무라벨, 350ml, 20개",220210,220210,True,True,True
"품목명: 미트코리아 오겹살 수육용 덩어리 (냉동), 1개, 2kg",020321,020329,True,True,False
"품목명: 페레로로쉐 초콜릿 3개입 x 16p, 608g, 1개",180631,180632,True,True,False
"품목명: 매일유업 소화가 잘되는 우유 저지방, 190ml, 24개",040210,040110,True,False,False
"품목명: 종가 포기김치, 4kg, 1개",200599,20059100,True,True,False
"품목명: 맥심 슈프림 골드 커피믹스, 13.5g, 170개입, 1개",090190,210111,False,False,False
"품목명: 맛있는우유GT 멸균우유, 200ml, 24개",160290,000401,False,False,False
"품목명: 카프리썬 오렌지망고, 200ml, 20개",210690,220299,False,False,False
"품목명: 데체코 엑스트라 버진 올리브오일, 1L, 1개",150920,001509,False,False,False
"품목명: 담터 쌍화차 플러스, 15g, 70개입, 1개",210120,210120,True,True,True
"품목명: 곰곰 썰은 배추김치, 10kg, 1개",200599,2005919000,True,True,False
"품목명: 매일두유 99.9, 190ml, 24개",040490,220299,False,False,False
"품목명: GAP 당도선별 제주감귤 로얄과, 1.5kg(로얄과), 1박스",080529,080550,True,True,False
"품목명: 곰곰 바쏘 엑스트라버진 올리브오일, 1L, 1개",150920,001509,False,False,False
"품목명: 곰곰 국내산 포기 김치, 4kg, 1개",200599,2005910000,True,True,False
"품목명: 곰곰 배추 김치, 10kg, 1개",200599,2005910000,True,True,False
"품목명: 오뚜기옛날 참기름, 500ml, 2개",151550,151590,True,True,False
"품목명: 바이탈프로그램 비타민C 1000mg, 600정, 1개",300450,300450,True,True,True
"품목명: 뉴케어 구수한맛 완전균형영양식, 200ml, 30개",210690,210690,True,True,True
"품목명: 곰곰 대패 우삼겹 (냉동), 500g, 2개",020727,020329,True,False,False
"품목명: 삼육두유 검은콩&칼슘 검은콩두유 파우치, 190ml, 60개",110610,210690,False,False,False
"품목명: 더미식 백미밥, 210g, 24개",100640,190410,False,False,False
"품목명: 락토핏 생 유산균 골드, 160g, 3개",041090,210690,False,False,False
"품목명: 스타벅스 카페 라떼, 270ml, 10개",210112,22021000,False,False,False
"품목명: 광천김 도시락김, 5g, 64개",160540,210690,False,False,False
"품목명: 종가 오래오래 맛있는 열무김치, 1.5kg, 1개",200599,200599,True,True,True
"품목명: 느린부엌 식혜, 1L, 3개",210690,220299,False,False,False
"품목명: 파스퇴르 바른목장 우유, 190ml, 24개",190110,000401,False,False,False
"품목명: 웅진빅토리아 더 빅토리아 레몬, 500ml, 20개",210690,220299,False,False,False
"품목명: 풀무원샘물 무라벨, 2L, 24개",220110,220110,True,True,True
"품목명: 셰프초이스 칼집 돼지왕구이, 1kg, 1개",020319,160249,False,False,False
"품목명: 매일우유 오리지널, 200ml, 48개",160290,040110,False,False,False
"품목명: 몽베스트 위드어스 무라벨 생수, 500ml, 40개",220190,220110,True,True,False
"품목명: 한끼통살 그릴드 닭가슴살 100g x 5종 x 2p 세트 (냉동), 10개",020712,000207,False,False,False
"품목명: 아이시스 8.0 생수, 200ml, 40개",220190,220110,True,True,False
"품목명: 곰곰 냉동 블루베리, 1kg, 2개",081040,081190,True,False,False
"품목명: 다향 훈제오리, 200g, 3팩",020744,160232,False,False,False
"품목명: 포카리스웨트, 1.5L, 12개",190590,2202909000,False,False,False
"품목명: 연세두유 뼈를 생각한 고칼슘 검은콩, 190ml, 24개",110610,210690,False,False,False
"품목명: 스파클 생수 무라벨, 500ml, 60개",220110,220110,True,True,True
"품목명: 코카콜라 제로, 190ml, 30개",210690,220210,False,False,False
"품목명: 창억 부드럽고 쫄깃한 호박인절미 (냉동), 2개, 500g",070993,190590,False,False,False
"품목명: 서울우유 1급A우유, 2.3L, 2개",160290,000401,False,False,False
"품목명: 피크닉 제로 사과, 200ml, 24개",200979,220210,False,False,False
"품목명: 초록매실 제로, 500ml, 24개",210120,220600,False,False,False
"품목명: 프레샤인 GAP 인증 충주 못난이사과, 3kg, 1개",081330,080810,True,False,False
"품목명: 하림 닭가슴살 블랙페퍼 8개입, 800g, 1개",020760,020714,True,True,False
"품목명: 탐사 샘물, 2L, 24개",285390,220110,False,False,False
"품목명: 호주산 차돌양지 샤브샤브용 (냉동), 1kg, 1개",020220,020230,True,True,False
"품목명: 창녕군농협 2024년산 햅쌀 황금 메뚜기쌀 백미, 10kg, 1개",100620,100630,True,True,False
"품목명: 곰곰 세척 사과, 2kg, 1개",080810,080810,True,True,True
"품목명: 햇반 매일 찰잡곡밥, 210g, 24개",190590,190410,True,False,False
"품목명: 복음자리 딸기잼, 640g, 1개",200799,200799,True,True,True
"품목명: 삼립 주종발효 밤만쥬, 1.08kg, 1개",200791,190590,False,False,False
"품목명: 도드람 한돈 1등급 삼겹살 구이용 (냉장), 1kg, 1개",020319,000203,False,False,False
"품목명: 상하목장 유기농 우유, 125ml, 24개",040490,000401,False,False,False
"품목명: 하림 IFF 닭가슴살 (냉동), 2kg, 1개",020727,020714,True,True,False
"품목명: 닥터린 초임계 알티지 오메가3 알파 30.21g, 30정, 3개",300450,210690,False,False,False
"품목명: 하림 자연실록 무항생제 인증 닭다리살 정육 (냉장), 350g, 2팩",020727,020714,True,True,False
"품목명: 햇반 잡곡밥, 210g, 12개",100890,190490,False,False,False
"품목명: 곰곰 김치볶음밥 (냉동), 300g, 6개",200490,190230,False,False,False
"품목명: 소화가잘되는우유 오리지널, 190ml, 24개",040490,220290,False,False,False
"품목명: 펩시 콜라, 210ml, 30개",210690,220210,False,False,False
"품목명: 고려은단 비타민C 1000, 1개, 600정",300450,300450,True,True,True
"품목명: 코카콜라 무라벨, 370ml, 24개",210690,220210,False,False,False
"품목명: 강훈목장 수제요거트 블루베리, 1L, 1개",040320,040310,True,True,False
"품목명: 슈퍼너츠 100% 땅콩 피넛버터 크런치, 460g, 1개",200811,200811,True,True,True
"품목명: 종근당 락토핏 생유산균 코어 1통(2개월분) 생 유산균, 120g, 1개",300215,210690,False,False,False
"품목명: 하림 용가리치킨 (냉동), 850g, 1개",020712,020712,True,True,True
"품목명: 햇반 백미밥 작은공기, 130g, 36개",190590,190490,True,False,False
"품목명: 오뚜기 옛날 구수한 끓여먹는 누룽지, 900g, 1개",160559,190490,False,False,False
"품목명: 핫식스 더킹 제로, 355ml, 24개",220299,220210,True,True,False
"품목명: 사조 살코기 참치 안심따개, 100g, 8개",160419,160414,True,True,False
"품목명: 스키피 스키피 청크 땅콩잼, 462g, 1개",120890,200799,False,False,False
"품목명: 곰곰 GAP 제주 감귤, 5kg, 1개",030699,080510,False,False,False
"품목명: 곰곰 광천 도시락김, 5g, 64개",160559,210690,False,False,False
"품목명: 사조 참치 살코기 안심따개, 100g, 12개",030359,160414,False,False,False
"품목명: 오뚜기 발아흑미 즉석잡곡밥, 210g, 24개",110630,190410,False,False,False
"품목명: 곰곰 한알 육수 3g 70입, 210g, 1개",160250,210410,False,False,False
"품목명: 나랑드사이다 제로, 245ml, 60개",210690,220210,False,False,False
"품목명: [에이치플러스몰] 올리브 짜파게티 140gx20봉지, 20개",070992,190230,False,False,False
"품목명: 해태 오예스, 900g, 1개",180632,190590,False,False,False
"품목명: 하림 치킨너겟 (냉동), 1.2kg, 1개",020712,160232,False,False,False
"품목명: 카누 마일드 로스트 아메리카노, 0.9g, 90개입, 2개",090111,210111,False,False,False
"품목명: 고산지 재배 당도선별 사과 중과, 1.5kg, 1봉",080810,080810,True,True,True
"품목명: 곰곰 돌돌말이 무연골 대패 삼겹살 (냉동), 1kg, 1개입",020322,020329,True,True,False
"품목명: 딜라잇가든 유기가공식품 인증 블루베리 (냉동), 900g, 1개",081040,081190,True,False,False
"품목명: 광식이농장 GAP 설향딸기 대과, 500g, 1팩",081010,081010,True,True,True
"품목명: 차일드라이프 액상 칼슘 마그네슘 오렌지맛, 473ml, 1개",310490,003004,False,False,False
"품목명: 해태htb 강원평창수 무라벨, 500ml, 40개",220110,220210,True,False,False
"품목명: 한양식품 꽃보다 오징어 슬라이스, 230g, 1개",160554,160554,True,True,True
"품목명: 불닭볶음면 140g, 10개",190230,19023000,True,True,False
"품목명: 베리벨리 칠레산 냉동 블루베리, 1.5kg, 1개",081040,081190,True,False,False
"품목명: 올리타리아 엑스트라버진 올리브유 오일, 1L, 1개",150920,001509,False,False,False
"품목명: 동아오츠카 나랑드 사이다 245ml 30캔, 30개",220600,220210,True,False,False
"품목명: 동원 통그릴비엔나, 300g, 2개",230110,160100,False,False,False
"품목명: 오넛티 땅콩버터 오리지널 100%, 230g, 1개",200811,200811,True,True,True
"품목명: 고려은단 메가도스C 비타민C, 180g, 1개",300450,003004,False,False,False
"품목명: 골드 카무트효소 [카무브 브랜드밀발효효소 40%], 90g, 1개",190190,210690,False,False,False
"품목명: 포크밸리 등갈비 찜용 / 구이용 (냉장), 1kg, 1팩",020760,020130,True,False,False
"품목명: 뉴트리코스트 크레아틴 분말, 300g, 1개",382483,2106909890,False,False,False
"품목명: 햇반 현미귀리곤약밥, 150g, 12개",100620,190490,False,False,False
"품목명: 배대감 볶음참깨, 1kg, 1개",110610,20089990,False,False,False
"품목명: 풍요한아침 짜먹는 에그샐러드 플레인, 1kg, 1개",040899,210690,False,False,False
"품목명: 연세대학교 연세우유, 190ml, 24개",160559,040110,False,False,False
"품목명: 매일두유 검은콩, 190ml, 24개",110610,210690,False,False,False
"품목명: 베지밀 검은콩과 검은참깨 두유, 190ml, 32개",110610,22029900,False,False,False
"품목명: 폰타나 카르니아 베이컨 앤 머쉬룸 크림 파스타 소스, 430g, 2개",190230,210390,False,False,False
"품목명: 농심 얼큰한 너구리 120g, 10개",190230,190230,True,True,True
"품목명: 동원샘물 무라벨, 2L, 24개",220190,002201,False,False,False
"품목명: 왕뚜껑 컵라면 110g, 18개",190230,190230,True,True,True
"품목명: 하인즈 토마토 케찹 650g, 1개",210320,210320,True,True,True
"품목명: 어부심 산지직송 산채로 포장한 신안군수 품질보증 생물새우, 1kg(25~35미), 1개",030617,030617,True,True,True
"품목명: 립톤 아이스티 분말 복숭아맛, 1.5kg, 1개입, 2개",210690,210120,True,False,False
"품목명: 해통령 더 간편한 육수명장, 80g, 2개",210410,210410,True,True,True
"품목명: 비디컬 맥주효모 비오틴 10000, 60정, 1개",300450,210690,False,False,False
"품목명: 청원생명농협 2024년산 햅쌀 왕의밥상 쌀 백미, 10kg, 1개",100640,100630,True,True,False
"품목명: 지리산수 핑크, 500ml, 40개",392330,220110,False,False,False
"품목명: 매일두유 고단백 플레인, 190ml, 24개",040221,210690,False,False,False
"품목명: 얼라이브 원스데일리 포 맨 멀티비타민, 80정, 1개",300450,210690,False,False,False
"품목명: 해표 카놀라유, 900ml, 3개",210690,151211,False,False,False
"품목명: 신선함을 그대로 엘로우믹스 샐러드, 80g, 5팩",070940,07099990,True,True,False
"품목명: 호주산 척아이롤 메가 구이용 (냉장), 1kg, 1개",020727,020130,True,False,False
"품목명: 빙그레 바나나맛우유 240ml x 4개입 + 딸기맛 우유 240ml x 4개입 세트, 1세트",210690,000401,False,False,False
"품목명: 코카콜라 업소용, 500ml, 24개",210690,220210,False,False,False
"품목명: New 파워에이드 마운틴 블라스트 355MLX20입, 355ml, 20개",210690,220210,False,False,False
"품목명: 하이트진로 토닉워터, 600ml, 20개",210690,220210,False,False,False
"품목명: 켈로그 첵스초코 대용량 1 200g, 1.2kg, 1개",180620,190410,False,False,False
"품목명: 곡물그대로21 크리스피롤, 650g, 1개",190420,190590,True,False,False
"품목명: 몽베스트 생수, 330ml, 40개",220190,2201100000,True,True,False
"품목명: 하이프루츠 당도선별 의성 세척사과, 2kg(소과, 10~12입), 1개",080810,080810,True,True,True
"품목명: 비비고 김밥김, 22g, 2개",190590,210690,False,False,False
"품목명: 레쓰비 마일드 캔커피, 175ml, 30개",210112,220210,False,False,False
"품목명: 푸드올로지 맨올로지컷 다이어트 보조제, 80정, 1개",210690,210690,True,True,True
"품목명: 남양유업 불가리스 사과, 150ml, 8개",200979,200980,True,True,False
"품목명: 청정원 순창 쇠고기 볶음고추장, 60g, 3개",210390,2103909000,True,True,False
"품목명: 식자재 도매 유통 불맛기름 시아스 500g x6개, 500ml, 1개",151620,151590,True,False,False
"품목명: 한끼통살 통살 소스 닭가슴살 100g x 14종 세트 (냉동), 14개",020714,020714,True,True,True
"품목명: 곰곰 단백질바, 600g, 1개",210610,190410,False,False,False
"품목명: 프로메가 알티지 오메가3 듀얼 플러스, 60정, 3개",300450,210690,False,False,False
"품목명: 청정원 구운마늘과 양파 토마토 스파게티소스, 2개, 600g",210390,210390,True,True,True
"품목명: 백산수 생수 무라벨, 2L, 24개",220190,220110,True,True,False
"품목명: 비비고 사골곰탕 500G, 6개",160559,160210,True,False,False
"품목명: 그릭데이 시그니처, 450g, 1개",200899,040690,False,False,False
"품목명: 비에스엔 신타-6 프로틴 파우더 드링크 믹스 단백질 보충제 초콜릿 밀크셰이크, 2.27kg, 1개",180620,210690,False,False,False
"품목명: 루솔 진한 배도라지즙, 100ml, 20개",210690,200990,False,False,False
"품목명: 오뚜기 토마토 케찹, 500g, 2개",210320,210320,True,True,True
"품목명: 종근당건강 프로메가 오메가3 트리플 장용성, 60정, 39.24g, 2개",293629,210690,False,False,False
"품목명: 펩시 제로 슈거 라임향, 500ml, 40개",210690,220210,False,False,False
"품목명: 티젠 유기농 제주녹차, 1.2g, 100개입, 1개",090210,000902,False,False,False
"품목명: 폰타나 엑스트라 버진 올리브유 마라스카, 500ml, 1개",150920,001509,False,False,False
"품목명: 가농 1+등급란으로 만든 오메가 구운란, 20구, 1개",110630,040721,False,False,False
"품목명: 싱하 소다워터 탄산수, 325ml, 24개",283630,220210,False,False,False
"품목명: [하나로마트] 햇반 210g*6입, 210g, 6개",110630,190190,False,False,False
"품목명: 비비고 썰은배추김치, 1.8kg, 1개",200599,2005992000,True,True,False
"품목명: 뉴케어 당플랜 호두맛, 200ml, 30개",210690,22029990,False,False,False
"품목명: 도드람한돈 앞다리 불고기용 1등급 (냉장), 1kg, 1개",020312,020329,True,True,False
"품목명: 맥심 디카페인 커피믹스, 11.8g, 100개입, 1개",090190,210112,False,False,False
"품목명: 햇반 발아현미밥, 210g, 16개",100620,190410,False,False,False
"품목명: 일가집 프리미엄 더 맛있는 김밥세트, 525g, 1세트",190230,190590,True,False,False
"품목명: 해태제과 고향만두 (냉동), 1.8kg, 1개",110630,190220,False,False,False
"품목명: 하루1레몬 유기농 100% 리얼착즙 레몬즙 2박스, 280ml",080550,200939,False,False,False
"품목명: 청정원순창 100% 현미 태양초 찰고추장, 2kg, 1개",210390,210390,True,True,True
"품목명: 먹는샘물산수 에브리데이 산수 무라벨, 1L, 36개",220190,220110,True,True,False
"품목명: 수향미 2024년산 햅쌀 골든퀸 3호 백미 상등급, 10kg, 1개",100620,100630,True,True,False
"품목명: 더담은 2024년산 햅쌀 경기미 추청 아끼바레 쌀 특등급, 10kg, 1개",100630,100620,True,True,False
"품목명: 미농 임금님 수라쌀, 20kg, 1개",100610,001006,False,False,False
"품목명: 곰곰 한돈 앞다리살 수육용 (냉장), 1kg, 1팩",020312,0203120000,True,True,False
"품목명: 아카페라 올데이 아메리카노, 12개, 1L",210112,210120,True,True,False
"품목명: 다시다 쇠고기, 500g, 1개",020727,210410,False,False,False
"품목명: 무항생제 신선한 특란, 30구, 1개",040899,040721,True,False,False
"품목명: 유로바디 베르가못, 2개, 45정",330730,210690,False,False,False
"품목명: 피그인더가든 골든텐더치킨 보울샐러드, 2개, 232g",041090,210690,False,False,False
"품목명: 카누 콜롬비아 블렌드 마일드 로스트 아메리카노 원두커피믹스, 0.9g, 30개입, 1개",090111,210111,False,False,False
"품목명: 팜에이트 무농약 유러피안 샐러드 꾸러미, 800g, 1개입, 1팩",121299,070999,False,False,False
"품목명: 하림 텐더스틱 (냉동), 1.2kg, 1개",020830,160232,False,False,False
"품목명: 핫식스 오리지널 에너지음료, 250ml, 30개",210690,220210,False,False,False
"품목명: 농심 올리브 짜파게티 140g 5봉 짜장라면 봉지면, 5개",200570,190230,False,False,False
"품목명: 사조 참치액, 2.1kg, 1개",160420,160414,True,True,False
"품목명: 순창궁 태양초 고추장, 3kg, 1개",210390,210390,True,True,True
"품목명: 애사비소다 오리지널, 24개, 500ml",220600,220210,True,False,False
"품목명: 매일유업 바이오 그릭 요거트, 800g, 1개",040320,040310,True,True,False
"품목명: 농협 강화섬쌀 2024년산 햅쌀 삼광미플러스 백미 특등급, 10kg, 1개",100640,100630,True,True,False
"품목명: 해표 식용유, 1.8L, 1개",151620,151219,True,False,False
"품목명: 하얀설탕(백설 3K)X6 /대용량 /식자재 /식당용, 3kg, 1개",170290,170199,True,False,False
"품목명: 브로드카세 발효종 순수 통밀빵, 700g, 1개",190540,190590,True,True,False
"품목명: 풀무원 실의 힘 매일아침 순생나또 12개입, 594g, 1개",121299,210690,False,False,False
"품목명: 테일러 푸룬 딥워터, 180ml, 4개",210690,220210,False,False,False
"품목명: 포스트 그래놀라 크랜베리 아몬드 시리얼, 570g, 2개",200893,190410,False,False,False
"품목명: 국내산 채소믹스, 1kg, 1개",071190,070990,True,False,False
"품목명: 팜앤푸드 꼬리 자른 생새우살 61~70입 (냉동), 900g, 1팩",030617,030617,True,True,True
"품목명: 락토핏 키즈 유산균, 120g, 2개",300215,210690,False,False,False
"품목명: 가야산천년수 천년수 무라벨 생수, 2L, 24개",220110,002201,False,False,False
"품목명: 포스트 오레오 오즈 시리얼, 500g, 2개",190420,190410,True,True,False
"품목명: 고소하게 늘어나는 모짜렐라 슈레드치즈, 1kg, 1개",040620,040690,True,True,False
"품목명: 아이시스 무라벨 ECO, 2L, 12개",220600,220190,True,False,False
"품목명: 롯데 빼빼로 초코필드 53gx6개, 53g, 6개",180631,190531,False,False,False
"품목명: 국산 혼합 17곡, 4kg, 1개",100199,100890,True,False,False
"품목명: 블랙홀 당도선별 10brix 감귤 랜덤과, 1박스, 10kg",210690,080550,False,False,False
"품목명: 곰곰 슈레드 모짜렐라 치즈, 1kg, 1개",040610,040620,True,True,False
"품목명: 카무트 골드카무트효소 30포, 90g, 3개",180632,210690,False,False,False
"품목명: 가농 무항생제 1+등급 초란, 30구, 1개",040819,040721,True,False,False
"품목명: 목우촌 프로포크 한돈팩 앞다리살 수육용 (냉장), 1kg, 1팩",020727,000203,False,False,False
"품목명: 오뚜기 골드마요네스, 3.2kg, 1개",180620,210390,False,False,False
"품목명: 트레비 라임 ECO 무라벨, 350ml, 20개",210690,220210,False,False,False
"품목명: 동아제약 박카스 F, 120ml, 20개",210690,220290,False,False,False
"품목명: 스윗토 스테비아 대추방울토마토, 1.2kg, 1팩",070200,000702,False,False,False
"품목명: 농심 튀김우동 컵면, 62g, 6개",110630,190230,False,False,False
"품목명: 클룹 애사비 소다 오리지널 500ml, 6개",330730,220210,False,False,False
"품목명: 남양유업 맛있는 우유 GT, 900ml, 4개",040229,040110,True,False,False
"품목명: 설탕대신 스테비아, 1.2kg, 1개",170290,210690,False,False,False
"품목명: 닥터유 한입쏙 단백질바, 380g, 1개",210610,190410,False,False,False
"품목명: CJ 햇반 현미로 지은 밥, 130g, 12개",100620,190410,False,False,False
"품목명: 사천짜파게티 137g 4개입 X 8개 (박스) 라면, 4개",190230,19023000,True,True,False
"품목명: 동원에프앤비 동원샘물 무라벨 500ml 무라벨 생수, 40개",220190,220110,True,True,False
"품목명: 오뚜기 양념치킨 소스, 490g, 1개",210390,210390,True,True,True
"품목명: 고등어밥상 가시제거연구소 고등어 (냉동), 800g, 1개",030354,030353,True,True,False
"품목명: 백설 멸치디포리 육수에는 1분링 50개입, 200g, 1개",210410,000303,False,False,False
"품목명: 주문진어시장건어물 백진미 오징어채 (냉동), 1개, 400g",160554,030749,False,False,False
"품목명: 폰타나 나폴리 뽀모도로 토마토 파스타소스, 600g, 1개",200290,210390,False,False,False
"품목명: 해표 포도씨유, 900ml, 2개",151620,151590,True,False,False
"품목명: 조인 특란, 30구, 2개",040819,040721,True,False,False
"품목명: 드빈치 자연방목 체다치즈 30매, 510g, 1개",040690,040690,True,True,True
"품목명: 곰곰 고춧가루, 1kg, 1개",110630,090422,False,False,False
"품목명: 영주마실 빨간사과 못난이 가정용, 4.5kg(소과, 26~30입), 1박스",080810,080810,True,True,True
"품목명: 홍루이젠 호밀빵햄치즈 4개입, 296g, 1개",190540,1905909090,True,True,False
"품목명: 담터 꿀유자차, 2kg, 1개입, 1개",090230,210690,False,False,False
"품목명: 홀베리 그대로 짜낸 유기농 레몬 생강즙 14p, 210g, 2개",210690,200980,False,False,False
"품목명: 티오피 마스터 라떼, 275ml, 24개",210112,2202100000,False,False,False
"품목명: 계란맛 우유 쌀과자 240g-1봉 낱개포장 대용량과자, 240g, 1개",190490,190590,True,False,False
"품목명: 오뚜기 양조식초, 1.8L, 2개",210390,220900,False,False,False
"품목명: 홀베리 1일1레몬 유기농 레몬즙, 350g, 2개",200939,200919,True,True,False
"품목명: 오뚜기 스위트콘, 340g, 1개",180620,200580,False,False,False
"품목명: 농심 김치사발면 86g, 12개",210390,190230,False,False,False
"품목명: 파스퇴르 쾌변 사과, 150ml, 8개입",200979,200979,True,True,True
품목명: 오뚜기 라면 참깨라면 115g 4입 8개 참깨,190230,190230,True,True,True
"품목명: 이어수산 통영 산지 직거래 국물용 멸치 (냉동), 500g, 1봉",160416,000303,False,False,False
"품목명: MORN 현미 월남쌈, 200g, 1개",100620,190590,False,False,False
"품목명: 새벽경매 아삭달콤 단감, 2.5kg (16~19입), 1개",081070,080290,True,False,False
"품목명: 비비수산 강화도 국내산 새우젓, 1개, 1kg",160540,160530,True,True,False
"품목명: 청정원 청정원 스파게티면 500g, 2개",210120,190220,False,False,False
"품목명: 해찬들쌈장500P500g, 500g, 1개",210390,210390,True,True,True
"품목명: 베지밀 비 달콤한 두유, 190ml, 16개",190531,210690,False,False,False
"품목명: 목우촌 다리두배 닭볶음탕 (냉장), 1.2kg, 1개",020743,160232,False,False,False
품목명: 농심 백산수 500ml 40개,220600,220110,True,False,False
"품목명: 허니 한입 꽈배기 대용량 개별포장 전통과자 520g, 1개",190520,1905909090,True,True,False
"품목명: 오허브 유기농 사과식초 500ml 애플사이다 비니거 식초 사과초모식초 애플사이더, 1개",220900,220900,True,True,True
"품목명: [공식] 무궁핏, 2개, 22.5g",240419,210690,False,False,False
"품목명: 동물복지 무항생제 유정란, 30구, 1개",041090,040721,True,False,False
"품목명: 삼양 까르보 불닭볶음면 큰컵 105g 6개입, 6개",210390,190230,False,False,False
"품목명: 호주산 메가 소고기 모둠 다짐육 (냉장), 1kg, 1개",020760,020130,True,False,False
"품목명: 생생포크 한돈 앞다리살 수육용 (냉장), 1000g, 1개",020312,020329,True,True,False
"품목명: 청정원 쌀 초고추장 1kg, 1개",210390,2103909000,True,True,False
"품목명: 물대신 열을 내리는 구수한 국산 보리차 총 90티백, 10g, 30개입, 3개",210120,210120,True,True,True
"품목명: 올품 닭볶음탕용 닭고기 (냉장), 1kg, 1팩",020712,020712,True,True,True
"품목명: 농심 짜파게티140g(5입)X2개, 10개",190230,190220,True,True,False
"품목명: 카누 미니 디카페인 아메리카노, 900mg, 120개입, 1개",090111,210111,False,False,False
"품목명: 자연애찬 동물복지 무항생제 자유방목 유정란 1번란, 15구, 1개",051199,040721,False,False,False
"품목명: 동원 양반 들기름 도시락김, 108g, 1개",150420,210690,False,False,False
"품목명: 슈퍼너츠 피넛버터 스무스, 460g, 1개",200811,200811,True,True,True
"품목명: 청정원 맛술, 1.8L, 1개",220600,220890,True,False,False
"품목명: foodi 크러쉬드레드페퍼, 100g, 1개",200899,090420,False,False,False
"품목명: 영진구론산 바몬드 오리지날 피로회복제, 150ml, 20개",210690,220290,False,False,False
"품목명: 컵라면/참꺠라면용기65g, 6개",190230,1902300000,True,True,False
"품목명: 게메즈 에낙 라면 과자, 720g, 1개",190230,190590,True,False,False
"품목명: 하인즈 리듀스드 슈가 토마토 케찹, 369g, 1개",200899,210390,False,False,False
"품목명: 팔도 밥알없는 비락식혜, 175ml, 30개",210690,220600,False,False,False
"품목명: 매일바이오 그릭요거트, 400g, 2개",121299,040310,False,False,False
"품목명: 완숙 토마토, 1kg, 1팩",070200,000702,False,False,False
"품목명: 곰곰 미국산 레몬, 1kg, 1봉",080550,080550,True,True,True
"품목명: [솔리몬] 스페인 착즙 레몬즙 280ml, 1개",080550,200919,False,False,False
"품목명: 실장님회초장(움트리 1k)/식당용, 1kg, 1개",210390,210390,True,True,True
"품목명: 진라면 매운맛 소컵 65gx6컵x2박스, 12개",190230,190230,True,True,True
"품목명: 국내산 흙당근, 3kg, 1개",070610,070610,True,True,True
"품목명: 솔티스 눈 프로텍션 프로S2 아스타잔틴 함량 업그레이드 초임계 눈피로, 3박스, 20정",300450,210690,False,False,False
"품목명: 오뚜기 사과식초, 360ml, 1개",220900,220900,True,True,True
"품목명: 햇반 즉석밥 작은공기, 130g, 6개",110630,190590,False,False,False
"품목명: 일리 네스프레소 호환 클래식 로스트 에스프레소 그라운드 캡슐커피, 5.7g, 10개입, 2개",090111,210111,False,False,False
"품목명: 크라운 버터와플 316g 묶음행사+커피사은품 증정, 2개",190590,190531,True,True,False
"품목명: 신라면 컵 65g, 30개",190230,190230,True,True,True
"품목명: 파스퇴르 무항생제 바른목장우유, 1.8L, 1개",040490,040120,True,False,False
"품목명: 곰곰 완숙 토마토, 1kg, 1개",070200,000702,False,False,False
"품목명: 청정원 대나무숙성 멸치액젓, 5kg, 1개",130239,210390,False,False,False
"품목명: 투데이넛 구운아몬드 + 호두, 550g, 1세트",080212,200899,False,False,False
"품목명: 비타500 칼슘 Calcium, 100ml, 20개",300450,300450,True,True,True
"품목명: 곰곰 달콤한 스테비아 대추방울토마토, 1kg, 1개",200899,000702,False,False,False
"품목명: 곰곰 돌돌이 무연골 대패 삼겹살 (냉동), 1개, 1kg",020322,020329,True,True,False
"품목명: 아이들이 좋아하는 하리보 골드베렌 1kg, 1개",200799,170490,False,False,False
"품목명: 곰곰 맛있는꿀고구마(햇), 1.5kg, 1박스",200899,071420,False,False,False
"품목명: 청정원 요리용 요리주 감칠맛 맛술 생강&매실 국산 100% 830ml, 1개",210390,220600,False,False,False
"품목명: 삼양 불닭볶음면, 5개",190230,190230,True,True,True
"품목명: 미원 맛소금, 2kg, 1개",210390,210390,True,True,True
"품목명: (11/29 순차출고) 솔티스 아스타잔틴 초임계 베타카로틴 피로 눈 프로텍션 프로, 1박스, 20정",300441,210690,False,False,False
"품목명: 청정원 햇살담은 국간장, 500ml, 1개",382486,210390,False,False,False
"품목명: 켈로그 시리얼 콘푸로스트 660g, 1개",190490,190410,True,True,False
"품목명: 켈로그 크랜베리 아몬드 그래놀라 시리얼, 550g, 1개",190490,190410,True,True,False
"품목명: 지하암반해수로 씻어낸 생굴 (냉장), 350g, 2개",160540,030721,False,False,False
"품목명: 돌 멕시코산 아보카도, 2kg 내외, 1팩",080440,080440,True,True,True
"품목명: 지리산 물하나 ECO 생수, 2L, 12개",220190,220190,True,True,True
"품목명: 오리온 참붕어빵 12p + 호떡품은 참붕어빵 12p 세트, 720g, 1세트",190540,190590,True,True,False
"품목명: 아이시스 N 무라벨, 40개, 500ml",210690,220110,False,False,False
"품목명: 폰타나 무지방 오리엔탈 저칼로리 드레싱, 235g, 2개",200897,210390,False,False,False
"품목명: 팔도 틈새라면 빨계떡 120g, 5개",110630,190230,False,False,False
"품목명: 농협안심한우 정육 세절 1등급 국거리용 (냉장), 300g, 1팩",020760,0201300000,True,False,False
"품목명: 다향오리 훈제오리 슬라이스, 150g, 3개",020744,160232,False,False,False
"품목명: 큐원 하얀설탕 3KG 흰설탕, 1개",170114,170199,True,True,False
"품목명: 오뚜기 하프 마요네스, 525g, 1개",210390,210390,True,True,True
"품목명: 매일우유 소화가 잘되는 우유, 930ml, 2개",350220,040110,False,False,False
"품목명: 동서 제티 쵸코렛맛 분말, 17g, 50개입, 1개",180632,180690,True,True,False
"품목명: 오리온 초코파이 정 오리지널 12개입 3박스(36개입)(더 탱글 마이구미 9.8g 사은품 지급), 468g, 3개",180632,190590,False,False,False
"품목명: 마요네즈(오뚜기 800g)/ 대용량 식자재, 800g, 1개",210390,210390,True,True,True
"품목명: 뉴 월남쌈 16cm 원형 300g 라이스페이퍼 집들이 음식, 1개",190230,190590,True,False,False
품목명: 오뚜기 누들면매운맛소컵 x 6개,210690,19023000,False,False,False
"품목명: 한정 대천김 곱창김 캔김 30g 4캔 145382, 4개",110630,2106909090,False,False,False
"품목명: 농협 목계촌 무항생제 특란, 30구, 1개",051000,040721,False,False,False
"품목명: 새우깡 미니팩 120g 미니스낵 새우스낵 간식 과자, 30g, 4개",190590,190590,True,True,True
"품목명: [사조] 해표 콩기름 500ml 식용유, 2개",151620,001508,False,False,False
"품목명: 재로우 우먼스 펨 도필러스 프로바이오틱스 유산균 60정 x, 1개",293690,2106909799,False,False,False
"품목명: 바른씨 니비시간장 360ml, 1개",210390,210390,True,True,True
"품목명: 농협 2024년산 햅쌀 GAP 인증 아산 맑은쌀 특등급, 10kg, 1개",100630,100630,True,True,True
"품목명: 캐나다드라이 진저에일 토닉, 30개, 250ml",210690,220210,False,False,False
"품목명: 샘표 담백한 샤브샤브 육수 3~4인분, 3개, 200g",210410,210410,True,True,True
"품목명: 이클립스 피치 34g x 6입, 6개",200870,170490,False,False,False
"품목명: 담터 생강차 플러스, 15g, 50개입, 1개",210120,210690,True,False,False
"품목명: 폰타나 캄파니아 스파게티면, 500g, 3개",110630,19021920,False,False,False
"품목명: 동서 한잔용 보리차 100개입, 1.5g, 1개",090230,210120,False,False,False
"품목명: 서울우유 고소한 버터, 450g, 1개",040510,040510,True,True,True
"품목명: 오볶집 갓로스팅 구운 아몬드, 500g, 1개",080212,200819,False,False,False
"품목명: 삼양 볶음 간짬뽕, 10개",110630,190230,False,False,False
"품목명: 롯데제과 자일리톨 알파 오리지날 리필, 102g, 3개",200799,17042000,False,False,False
"품목명: 네이처드림 흑도라지 배 생강청 스틱 100p, 1kg, 1개",140490,210690,False,False,False
"품목명: 오투스커피 바닐라 라떼, 17g, 1개, 60개입",090190,210120,False,False,False
"품목명: 스타벅스 핫코코아 오나먼트 더블초코, 28g, 3개, 1개입",180632,180690,True,True,False
"품목명: 쌍계명차 애플사이다비니거 레몬 5g x 30p, 3개, 단품",200899,210390,False,False,False
"품목명: 리틀캘리 디카페인선셋 티백형 커피, 2개, 6개입, 13g",090111,090121,True,True,False
"품목명: 클룹 트루코코 퓨어 코코넛워터, 6개, 330ml",210120,200989,False,False,False
"품목명: 전두유 검은콩 17곡 고칼슘, 190ml, 24개",210690,22029900,False,False,False
"품목명: 초록원 알룰로스 저당 유자차, 530g, 5개",090210,22029090,False,False,False
"품목명: 네스프레소 버츄오 이니지오 캡슐커피, 10g, 10개입, 3개",090111,210111,False,False,False
"품목명: 카누 바리스타 머신 전용 캡슐커피 이터널마운틴, 9.5g, 4개, 10개입",210130,210111,True,True,False
"품목명: 룰리커피 더치커피 콜드브루 커피원액 과테말라, 1개, 1개입, 500ml",210111,210111,True,True,True
"품목명: 오설록 오리지널 콤부차, 12개, 275ml",090230,220299,False,False,False
"품목명: 신세계푸드 YWE 식물성 라이스 베이스드 혼합음료, 24개, 200ml",210690,220299,False,False,False
"품목명: 라카나스타 미션푸드 밀또띠아 20cm, 320g, 2개",110630,190590,False,False,False
"품목명: 예찬원 동결건조 진한 사골곰탕 블럭국 5p, 1개, 50g",210690,210410,True,False,False
"품목명: 폰타나 로스티드 치킨 토마토 스튜, 250g, 4개",200290,160232,False,False,False
"품목명: 육해공야전식량 얼큰짬뽕라면밥, 105g, 5개",190230,190230,True,True,True
"품목명: 1770 마누카 허니 스틱 MGO 120+ 마누카꿀 15p, 1개",040900,000409,False,False,False
"품목명: 햇반 흑미누룽지죽, 205g, 6개",200899,190490,False,False,False
"품목명: 이지밥 핫앤쿡 매콤 짜장 비빔밥, 120g, 6개",210390,190230,False,False,False
"품목명: 교동식품 프리미엄 순살 갈비탕, 450g, 1개",020220,160210,False,False,False
"품목명: 백제 파곰탕면 쌀국수 6p, 93.5g, 6개",190230,190230,True,True,True
"품목명: 비비고 스팸부대찌개, 460g, 18개",160540,160210,True,False,False
"품목명: 동원 김치참치 통조림, 90g, 4개",160419,160414,True,True,False
"품목명: 보르게스 피티드 그린올리브, 230g, 1개",200570,200570,True,True,True
"품목명: 프롬바이오 아이클하이 젤리 스틱 14p, 3개, 280g",200799,210690,False,False,False
"품목명: 햇반 새우계란죽, 420g, 21개",160540,210690,False,False,False
"품목명: 미스즈 튀김건조유부, 80g, 2개",110630,190230,False,False,False
"품목명: 농심 멸치 칼국수 98g x 5개입, 5개",190230,19023000,True,True,False
"품목명: 곰곰 간편 누룽지, 30g, 12개",110630,190410,False,False,False
"품목명: 오뚜기 오동통면 120g, 10개",300590,1902301000,False,False,False
"품목명: 농심 안성탕면 125g, 10개",190230,190230,True,True,True
"품목명: CJ 비비고 즉석국 탕 찌개 골라담기 19종 (사골곰탕500g 외), 500g, 1개",210410,002104,False,False,False
"품목명: 오뚜기 스낵면 108g, 10개",110630,190230,False,False,False
"품목명: 삼양라면, 10개",190230,1902301000,True,True,False
"품목명: MIK 농심 신라면 툼바 137g x 4봉, 4개",190230,190230,True,True,True
"품목명: 농심 오징어짬뽕 5개입, 5개",190230,190230,True,True,True
"품목명: 오뚜기3분 실쏙팩 쇠카쇠짜 쇠고기카레, 200g, 12개",210390,210390,True,True,True
"품목명: 오뚜기 컵누들 매콤한 맛 37.8g, 12개",110630,190230,False,False,False
"품목명: 오뚜기 참깨라면 115g, 12개",190230,1902301000,True,True,False
"품목명: 동원 자연산 꽁치 통조림, 400g, 4개",160250,160414,True,False,False
"품목명: 삼양라면 120g, 40개",190230,190230,True,True,True
"품목명: 오뚜기 진짬뽕 130g, 8개",210410,210410,True,True,True
"품목명: 동원 지중해황도 410g x 12캔, 6개",160540,160420,True,False,False
"품목명: 오뚜기 해물짬뽕 (120GX5)개입), 5개",210410,190230,False,False,False
"품목명: 작은컵라면5종세트_신라면컵3개+새우탕컵3개+튀김우동컵3개+육개장사발면3개+김치사발면3개, 15개",691200,190230,False,False,False
"품목명: 팔도비빔면 130g, 15개",110630,1902301000,False,False,False
"품목명: 차오차이 130 직화 간짜장, 180g, 6개",090230,190230,False,False,False
"품목명: 사조해표 고추참치 안심따개, 100g, 12개",160554,001604,False,False,False
"품목명: 맛있는 오뚜기밥 큰밥, 300g, 18개",110630,1901909090,False,False,False
"품목명: 동원 리챔 오리지널, 120g, 10개",160540,160250,True,False,False
"품목명: 아워홈 칼칼한 돼지김치찌개, 300g, 5개",160241,160210,True,True,False
"품목명: 오뚜기 칼칼한 돼지고기김치찜, 180g, 2개",160241,160250,True,True,False
"품목명: 농심 사리곰탕면 110g, 5개",190230,1902300000,True,True,False
"품목명: 스키피 수퍼 청크 피넛 버터, 462g, 1개",200811,200811,True,True,True
"품목명: 가뿐한끼 현미밥, 150g, 30개",100620,190490,False,False,False
"품목명: 신선설농탕 설렁탕 (냉동), 550g, 3개",160540,160290,True,False,False
"품목명: 으쓱몰 농심 컵라면 큰컵 세트 김치 너구리 새우탕 신라면 오징어짬뽕 육개장 짜파게티 튀김우동, 16개, 큰컵16종",210410,190230,False,False,False
"품목명: 쎈쿡 발아현미밥, 195g, 24개",100620,190490,False,False,False
"품목명: 라면왕 인기라면 20입 소컵라면세트, 1세트",190230,19023000,True,True,False
"품목명: 우불식당 즉석우동, 221.5g, 4개",210410,190230,False,False,False
"품목명: 오뚜기 작은밥, 150g, 12개",100640,190190,False,False,False
"품목명: 생생우동, 253g, 8개",110630,190230,False,False,False
품목명: 농심 생생 우동 253g 4개,110630,190230,False,False,False
"품목명: 짜파게티 더 블랙 116g, 4개",110630,190230,False,False,False
"품목명: 팔도 비빔면2 투 II 하이브리드 130g, 4개",210390,190230,False,False,False
"품목명: 팔도 뺵쿡 빽라면 115g, 4개",190230,190230,True,True,True
"품목명: 농심 새우탕 큰사발면 115g, 6개",190230,190230,True,True,True
"품목명: 청정원 멸치 쌀국수 소컵, 58g, 6개",190230,190230,True,True,True
"품목명: 틈새라면 빨계떡 120g, 40개",110630,190230,False,False,False
"품목명: 곰곰 더 오리지널 부대찌개, 1kg, 2개",210410,210410,True,True,True
"품목명: 맛있는 후리가케 밥가루 주먹밥 김맛 병타입, 150g, 김맛 후리가케 150g [병타입], 1개",190230,210390,False,False,False
"품목명: 사조 고추참치 안심따개, 100g, 8개",160419,160414,True,True,False
"품목명: 곰곰 순대국, 600g, 4개",160250,1602909000,True,True,False
"품목명: 밀스원 이태리 스파게티 멜팅치즈 비프 토마토 (냉동), 380g, 2개",190230,190220,True,True,False
"품목명: 비비고 한우사골곰탕, 500g, 6개",050400,160210,False,False,False
"품목명: 햇반 큰공기, 300g, 30개",110630,190230,False,False,False
"품목명: 오뚜기 콕콕콕 스파게티, 120g, 12개",210120,190220,False,False,False
"품목명: Oprice 한촌설렁탕 정통설렁탕 500g, 5개",190230,160210,False,False,False
"품목명: 올따옴 양반 백합미역국+차돌육개장+소고기무국+한우시래기x2개씩, 1세트, 460g",021099,210410,False,False,False
"품목명: 남가네설악추어탕, 450g, 5개",210410,160420,False,False,False
"품목명: 외갓집 진심 육개장 (냉동), 600g, 4개",160231,160210,True,True,False
"품목명: 청정원 콩담백면 비빔국수 4인분, 760g, 1개",190219,190230,True,True,False
"품목명: 카레여왕 구운마늘 앤 양파, 108g, 4개",091091,210390,False,False,False
"품목명: 팔도 김치 왕뚜껑 110g, 18개",200599,210390,False,False,False
"품목명: 유동 황도 슬라이스 통조림, 400g, 6개",160239,200820,False,False,False
"품목명: 외갓집 송탄 서정리 부대찌개 (냉동), 1kg, 2개",210410,210410,True,True,True
"품목명: 농심 앵그리 너구리 121g, 5개",190230,190230,True,True,True
"품목명: 블루존 농심 소컵라면 7종 14개 A세트 (신라면2+육개장사발면2+김치사발면2+새우탕2+너구리2+오징어짬뽕2+사리곰탕2), 1세트",210390,190230,False,False,False
"품목명: 오뚜기 오뚜기밥 발아흑미 즉석잡곡밥, 210g, 12개",110630,190410,False,False,False
"품목명: 쉐프엠 베이컨까르보나라 파스타 4인분, 230g, 4개",190230,190219,True,True,False
"품목명: 팔도 도시락 86 g, 36개",160559,210410,False,False,False
"품목명: 비비고 소고기 미역국, 500g, 4개",160100,160210,True,False,False
"품목명: 청정원 이탈리아 정통 스파게티, 500g, 4개",210120,190220,False,False,False
"품목명: 팔도비빔면, 20개",110630,190230,False,False,False
"품목명: [KT알파쇼핑][팔도] 비빔면 130g x 10봉, 10개",051199,190230,False,False,False
"품목명: 오뚜기프레스코 미트 스파게티소스, 600g, 2개",210690,210390,True,False,False
"품목명: 하림 삼계탕면 116g, 4개",110630,190230,False,False,False
"품목명: 누텔라 스프레드, 370g, 3개",190230,180620,False,False,False
"품목명: 오뚜기 스파게티 멀티팩(4입) X 2개 (총 8봉), 150g, 8개",110630,190220,False,False,False
"품목명: 미미네 오리지널 국물떡볶이 (냉동), 570g, 2개",160559,1902300000,False,False,False
"품목명: 농심 감자면117g x 5 무배, 5개",110813,190230,False,False,False
"품목명: 농심 무파마탕면, 4개",190230,190230,True,True,True
"품목명: 디벨라 링귀네 파스타, 500g, 1개",190230,190219,True,True,False
"품목명: 베트남 판매1위 쿵딘 소고기 쌀국수 (20개입) 정식수입 라면, 70g, 20개",190230,190230,True,True,True
"품목명: 사조 마일드 참치 안심따개, 100g, 8개",030349,160414,False,False,False
"품목명: 폰타나 컵수프 머쉬룸2P+콘2P+브로콜리2P+어니언2P, 60g, 1세트",210410,210410,True,True,True
"품목명: 유동 자연산 골뱅이 통조림, 400g, 2개",160559,160556,True,True,False
"품목명: 삼양식품 볶음간짬뽕, 5개",190230,190230,True,True,True
"품목명: 더미식 매움주의 장인라면 270g(135g ), 1개",210390,190230,False,False,False
"품목명: 리오산토 할라페뇨 슬라이스 540G 할라피뇨, 1개",070960,200190,False,False,False
"품목명: 오뚜기 프레스코 토마토 스파게티소스, 600g, 3개",210320,210390,True,True,False
"품목명: 티아시아키친 치킨 마크니 커리 170g + 게살 푸팟퐁 커리 170g + 비프 마살라 커리 170g + 스파이시 비프 마살라 커리 170g 세트, 1세트",210390,210390,True,True,True
"품목명: 햇반 솥반 전복내장 영양밥, 200g, 6개",100640,190490,False,False,False
"품목명: 동원 고추참치, 85g, 8개",160419,160414,True,True,False
"품목명: 사미헌 갈비탕 (냉동), 1kg, 4개",020220,160210,False,False,False
"품목명: 너티풀 국내산 국산 100% 무첨가 피넛버터 땅콩잼 땅콩버터 스무스, 1개, 200g",200811,200811,True,True,True
"품목명: 오뚜기 튀김우동 용기 110g, 12개",160540,190230,False,False,False
"품목명: 오뚜기 컵밥 진한 쇠고기 미역국밥, 314g, 5개",210410,190230,False,False,False
"품목명: 풀무원 직화짜장면 4인분, 1.32kg, 1개",190230,190220,True,True,False
"품목명: 오뚜기 쇠고기스프 아침밥대용 아침대용 80G, 4개",210410,210410,True,True,True
"품목명: 오뚜기 짜슐랭 찰진식감 파기름과 양파기름의 프리미엄 짜장라면, 10개",190230,19023000,True,True,False
"품목명: 햇반 찰잡곡밥, 210g, 36개",190410,190490,True,True,False
"품목명: 비비고 육개장, 6개, 500g",160559,210410,False,False,False
"품목명: 폰타나 그릴드 머쉬룸 크림 수프 10p + 크루통 3p 세트, 1세트, 180g",691200,210410,False,False,False
"품목명: 에스앤비골든 카레 중간 매운맛, 220g, 3개",210390,210390,True,True,True
"품목명: 풀무원 정통 가쓰오 우동 4인분, 943.2g, 1개",110630,190230,False,False,False
"품목명: 삼진어묵 딱 한끼 어묵탕 순한맛, 308g, 2개",210390,160420,False,False,False
"품목명: 미고랭 핫 앤 스파이시 라면 400g(80g x5봉지), 5개",190230,190230,True,True,True
"품목명: 천일식품 사누끼 우동면 (냉동), 230g, 40개",190230,190230,True,True,True
"품목명: 백제 우리 햅쌀 즉석 떡국, 163g, 6개",100640,190230,False,False,False
"품목명: 오뚜기 카레 약간매운맛, 100g, 3개",210390,210390,True,True,True
"품목명: 파스타면 까펠리니 500g 디벨라, 1개",190230,190219,True,True,False
"품목명: 마이노멀 저칼로리 딸기잼, 320g, 1개",200799,200799,True,True,True
"품목명: 농심 후루룩 칼국수, 97g, 4개",190230,190230,True,True,True
"품목명: 쉐프엠 투움바파스타 4인분, 230g, 4개",190230,190230,True,True,True
"품목명: 순 땅콩버터 100% 무첨가, 470g, 1개",200811,200811,True,True,True
"품목명: 폰타나 이탈리아 캄파니아 스파게티, 500g, 4개",090230,190211,False,False,False
"품목명: 올따옴 오뚜기 가뿐한끼 현미밥, 150g, 15개",100620,190410,False,False,False
"품목명: 청정원 카레여왕 구운마늘&양파, 108g, 3개",210390,21039090,True,True,False
"품목명: 오뚜기 딸기잼 500g, 1개",200799,002007,False,False,False
"품목명: 양반 진국 사골곰탕, 500g, 20개",180620,160210,False,False,False
"품목명: 오뚜기 육개장 컵 104g, 24개",160540,210410,False,False,False
"품목명: 양반 쇠고기죽, 287.5g, 24개",410150,210410,False,False,False
"품목명: CJ 백설대왕납작당면 300G 144062, 1개",283329,1902301000,False,False,False
"품목명: [로적마켓] 오뚜기 3분소스 16종 혼합&모음전 골라담기 07. 3분 카레 순한맛, 200g, 5개",210390,210390,True,True,True
"품목명: 햇반 현미 흑미 보리의 식감이 살아있는 잡곡밥, 210g, 24개",200899,190410,False,False,False
"품목명: 청정원 토마토 스파게티소스, 2kg, 1개",210320,210390,True,True,False
"품목명: 햇반 귀리흑미곤약밥, 150g, 12개",121299,190490,False,False,False
"품목명: 쿡시 멸치맛 쌀국수, 92g, 30개",190490,190230,True,False,False
"품목명: 면사랑 미트 볼로냐 스파게티 1인분 (냉동), 330g, 3개",330730,190220,False,False,False
"품목명: 닛신 돈베이 키츠네 우동 동일본 한정, 96g, 12개",110630,190230,False,False,False
"품목명: 비비고 국 탕 찌개 10종, 1세트, 500g",210410,210410,True,True,True
"품목명: 페페브루노 베이크드빈스 인 토마토 소스 420g, 1개",210320,200551,False,False,False
"품목명: 농심 사천 짜파게티 봉지, 8개",210390,190230,False,False,False
"품목명: 에스앤비 골든카레 매운맛, 220g, 3개",210390,210390,True,True,True
"품목명: 양반 전복죽, 287.5g, 10개",110630,210410,False,False,False
"품목명: 신라면 건면 97g, 20개",190230,190230,True,True,True
"품목명: 동원참치 살코기 + 고추참치 세트, 1세트",030349,160414,False,False,False
"품목명: 리오마레 올리브오일 참치, 80g, 3개",150420,160420,False,False,False
"품목명: 외갓집 1978 고기곰탕 (냉동), 500g, 4개",020649,160210,False,False,False
"품목명: 더미식 소고기미역국, 350g, 3개",210410,160250,False,False,False
"품목명: 오뚜기 짜장 깊고 풍부한맛 과립형, 1kg, 1개",210390,210410,True,False,False
"품목명: 비비고 장보기 상온 두부듬뿍 된장찌개 460g, 4개",210390,210410,True,False,False
"품목명: 복음자리 과일 99% 딸기 듬뿍 생생과일잼, 380g, 1개",200880,200799,True,False,False
"품목명: 백종원의 본가 스지 도가니탕, 700g, 5개",210410,160210,False,False,False
"품목명: 오뚜기 아임스틱 딸기잼, 20g, 50개",200880,200799,True,False,False
"품목명: 스키피 땅콩버터 크리미, 462g, 1개",200811,200811,True,True,True
"품목명: 양반 야채죽, 287.5g, 6개",200490,190190,False,False,False
"품목명: 오마뎅 진짜 부산 떡볶이 (냉동), 322g, 2개",160540,190230,False,False,False
"품목명: 농심 누들핏짜파구리맛41.5g, 8개",190230,190230,True,True,True
"품목명: 펠리체티 유기농 통밀 푸질리, 500g, 1개",190219,190219,True,True,True
"품목명: 오뚜기 큰밥, 300g, 18개",190230,190590,True,False,False
"품목명: 디벨라토마토퓨레 680G/이탈리아, 680g, 1개",200290,200290,True,True,True
"품목명: 국내산 경성당 황동판 현미누룽지 1.5kg, 1개",050210,190410,False,False,False
"품목명: 삼원가든 뼈없는갈비탕, 700g, 2팩",020120,160210,False,False,False
"품목명: 오뚜기 중국식 18mm 넓은당면 300g, 1개",190219,190230,True,True,False
"품목명: 오뚜기 김치라면, 20개",190230,190230,True,True,True
"품목명: 참좋은식품 가마솥의 구수한 별미 누룽지, 200g, 10개",110630,190410,False,False,False
"품목명: 아워홈 담백한 소고기미역국, 300g, 5개",160250,210410,False,False,False
"품목명: 햇반 현미쌀밥, 210g, 36개",100620,190410,False,False,False
"품목명: 라이브잇 샘표 김치찌개전용 꽁치 통조림, 400g, 2개",160419,160420,True,True,False
"품목명: 샘표 쌀소면 400g, 1개",100640,190230,False,False,False
"품목명: 햇반 100% 현미로 지은밥, 130g, 6개",100620,190410,False,False,False
"품목명: 신라면 툼바 32p 137g, 8개",190230,190230,True,True,True
"품목명: 샘표 우리엄마 반찬 매콤한 깻잎, 70g, 3개",210390,200599,False,False,False
"품목명: 안단 피넛버터 크리미 100%, 400g, 1개",200811,200811,True,True,True
"품목명: 비소뉴 크런치 땅콩버터, 500g, 1개",200811,200811,True,True,True
"품목명: 우리쌀양송이수프 60g, 2개",210410,210410,True,True,True
"품목명: 프레시지 우리쌀밥 즉석밥 백미, 210g, 36개",190590,190490,True,False,False
"품목명: 앤쿡 어린이 한우 사골 곰국 (냉동), 200g, 8개",020760,160250,False,False,False
"품목명: 보노 포르치니 버섯 스프, 54g, 4개",200390,210410,False,False,False
"품목명: 하오하오 핑크 라면 77g, 30개",190230,190230,True,True,True
"품목명: 청정원 아라비아따 스파게티 소스, 2개, 600g",210120,210390,True,False,False
"품목명: 팔도 진국설렁탕면 100g 32봉, 8개",190230,190230,True,True,True
"품목명: 햇반 현미밥, 130g, 36개",100620,190410,False,False,False
품목명: [간단한 요리 즉석식품] 비비고 소고기 미역국 500g 3개 먹기편한 간편한아침식사 혼밥족 간편식 캠핑요리,210410,210410,True,True,True
"품목명: 두끼 즉석 떡볶이 (냉동), 560g, 2개",110630,1902301000,False,False,False
"품목명: 식자재 식재료 도매) 번데기캔(유동 130g) x4개 _ 228229EA, 130g, 4개",210690,160510,False,False,False
"품목명: 농심 사리면 110g, 30개",110630,19023000,False,False,False
품목명: 밥에는 뚝심 목우촌 뚝심 200g*3입 8개,160559,190410,False,False,False
"품목명: 복음자리 사과잼 620g, 1개",200799,200799,True,True,True
"품목명: 고메 중화짬뽕 2인분 (냉동), 652g, 2개",210390,210410,True,False,False
"품목명: 왕뚜껑 짬뽕 110g, 18개",210390,190230,False,False,False
"품목명: 카야하우스 롱고바르디 토마토홀, 400g, 2개",071190,200290,False,False,False
"품목명: 라세빌라나 블랙올리브, 370g, 3개",200570,200570,True,True,True
"품목명: 더미식 오징어라면 130g, 4개",160554,190230,False,False,False
"품목명: 동원 살코기참치85g 6입+고추참치85g 6입, 85g, 12개",030349,160414,False,False,False
"품목명: 백설 제일제면소 소면, 900g, 1개",110630,190230,False,False,False
"품목명: 비비고 갈비탕, 400g, 4개",210410,160210,False,False,False
"품목명: 오뚜기 간편 미역국 47.5g, 2개",190230,210410,False,False,False
"품목명: 오모가리 수제 김치찌개 (냉동), 500g, 2개",200599,210410,False,False,False
"품목명: 롯데 가나초콜릿 34g x 15개입 1통 밀크초콜릿, 15개",180632,180632,True,True,True
"품목명: 햇반컵반 컵밥세트 4종 12개 (철판제육3+스팸김치3+직화불고기3+김치날치알3), 1세트, 251g",821520,190230,False,False,False
"품목명: 루클리에 농심 배홍동 비빔면, 8개",210390,190230,False,False,False
"품목명: 더미식 장인라면 얼큰한맛 116g x 8개, 4개",190230,1902301000,True,True,False
"품목명: 바릴라, 1kg, 1개",110630,190230,False,False,False
"품목명: 백제 멸치맛 쌀국수, 92g, 10개",110630,190230,False,False,False
품목명: 오뚜기 백세카레 약간매운맛 100G x 3개 감칠맛 브런치 자취템 요리레시피 야식,210390,210390,True,True,True
"품목명: 보노 스프 5종 세트, 57g, 1세트",210390,210410,True,False,False
"품목명: 순한맛 카레(오뚜기 1K)X10, 1kg, 1개",091091,21039090,False,False,False
"품목명: 스팸 닭가슴살, 200g, 6개",020760,160232,False,False,False
"품목명: 폰타나 시칠리아 페페론치노 아라비아따 파스타소스, 1.5kg, 1개",190230,210390,False,False,False
"품목명: 청정원 직화짜장 분말, 80g, 3개",210390,210410,True,False,False
"품목명: RKSVUS오뚜기 양송이스프1kgfsh278, 1kg, 1개",210390,21041090,True,False,False
"품목명: 동서 리치스 파인애플 슬라이스 836g 2개세트, 3개",200820,200820,True,True,True
"품목명: 양반 단호박죽, 285g, 5개",200899,190190,False,False,False
"품목명: 프레시지 소고기버섯잡채 2인분, 285.5g, 1개",070959,210410,False,False,False
"품목명: 2400 롯데 가나 마일드 70g 10입, 10개",180632,180620,True,True,False
"품목명: 몽고식품 구포 국수 소면 3kg 잔치 대용량, 1개",190230,190230,True,True,True
"품목명: 너구리 컵라면 소컵 65g x 6개입, 6개",210410,190230,False,False,False
"품목명: 순한맛 백세카레 오뚜기 1kX10, 1kg, 1개",210390,210390,True,True,True
"품목명: 풀무원 식물성 지구식단 실키 두유면, 150g, 3개",121299,190230,False,False,False
"품목명: 피비핏 피넛 버터 파우더 오리지널 프로틴 글루텐 프리, 1개, 850g",190190,210690,False,False,False
"품목명: 농심 컵라면 큰컵 6개모음 사발면 너구리 새우탕 짜왕 신라면 짜파게티 튀김우동 육개장 무파마 베트남쌀국수 불닭볶음면 참깨라면 진라면 오징어짬뽕 열라면 신라면블랙 삼양라면, 6개",190230,19023000,True,True,False
"품목명: 살코기참치1.88kg/사조-, 1.88kg, 2개",160419,160414,True,True,False
"품목명: 오뚜기 미트 볼로냐 파스타4인, 1.292kg, 1개",190230,190219,True,True,False
"품목명: 복음자리 진심의 딸기, 1kg, 1개",081010,081010,True,True,True
"품목명: 지프 땅콩버터 454g 2종택1 피넛버터 크리미 크런치 JIF, 1개",200811,200811,True,True,True
"품목명: 폰타나 볼로냐 베이컨 볼로네제 파스타 소스, 430g, 2개",190230,210390,False,False,False
"품목명: 삼양 쇠고기면 120g, 10개",190230,1902301000,True,True,False
"품목명: 먹고찾는 달콤한 딸기쨈 초록원 가정용 딸기잼 1kg, 1개",200880,200799,True,False,False
"품목명: 더미식 묵은지두부김치찌개, 6개, 350g",210410,210410,True,True,True
"품목명: 가나초콜릿 34g, 8개",180632,180632,True,True,True
"품목명: [칠갑농산]냉동 칠갑 쫄면사리 2kg 전문점용 냉동, 1개",121221,210690,False,False,False
"품목명: 디벨라 토마토 퓨레 680g 파스타 피자 스프 소스, 2개",210320,200290,False,False,False
"품목명: 프레시지 푸짐한 김치어묵 우동전골 밀키트 2~3인분 (냉동), 1.49kg, 1개",210410,160420,False,False,False
"품목명: 옳곡 국내산 땅콩버터 스무스, 1개, 200g",200811,200811,True,True,True
"품목명: 추억의 국민학교 떡볶이 오리지널 (냉동), 600g, 2개",110630,190490,False,False,False
"품목명: 천지라면 인기봉지라면 농심 오뚜기 팔도 4종 20개입 (열라면5 신라면5 비빔면5 짜파게티5), 1세트",190230,190230,True,True,True
"품목명: 백설 밥이랑야채 유부초밥 주먹밥 맛있는김 간단아침메뉴 소풍도시락 밥에뿌려먹는 27g, 2개",190230,210410,False,False,False
"품목명: 오뚜기 사골분말, 1개, 500g",050690,210410,False,False,False
"품목명: 신라면 블랙 사발 101g, 16개",190230,190230,True,True,True
"품목명: 농심 짜왕 8봉 원조 짜장 라면 농심 짜왕 봉지라면, 8개",190230,19023000,True,True,False
"품목명: 땅콩버터 크런치 무가당 땅콩 100 500g 땅콩잼 안단잼 고단백 고소한, 1개",200811,200811,True,True,True
"품목명: 스팸 선물세트 8C호 + 쇼핑백, 1세트",481730,160250,False,False,False
"품목명: [향기좋은날] 팔도 김치 도시락 86g 컵라면 사발면, 6개",190230,190230,True,True,True
"품목명: 스칼리아 엔초비필렛 인 엑스트라버진 올리브오일, 80g, 1개",150920,160420,False,False,False
"품목명: 샘표 팽이버섯 미소된장국, 128g, 1개",210390,210390,True,True,True
"품목명: 오뚜기 보들보들 치즈볶음면 매운맛 130g, 4개",190230,19023000,True,True,False
"품목명: [Fresco] 파인애플 슬라이스 830g, 1개",200820,200820,True,True,True
"품목명: 비비고 설렁탕, 500g, 4개",160540,160210,True,False,False
"품목명: 오뚜기 양송이 크림 스프 상온, 180g, 5개",210410,210410,True,True,True
품목명: 넛츠그린 땅콩 스프레드 200g 1개,200811,200811,True,True,True
"품목명: 목우촌 뚝심, 4개",020727,19023000,False,False,False
"품목명: plus 79797979 ##### 유동 자연산 골뱅이 300g, 2개",121299,160559,False,False,False
"품목명: 초록원 딸기잼, 560g, 1개",200880,200799,True,False,False
"품목명: 스팸 라이트 300g, 3개",240290,160250,False,False,False
"품목명: 오뚜기콕콕콕 라면볶이 용기 120 g, 4개",190230,190230,True,True,True
"품목명: 너티풀 캘리포니아 100% 무첨가 아몬드잼 아몬드버터 아몬드스프레드, 400g, 1개",200811,200799,True,False,False
"품목명: 안단잼 딸기 80% 신선 과일잼, 460g, 1개",200880,002007,False,False,False
"품목명: 진미 춘장, 300g, 3개",210390,210390,True,True,True
"품목명: 농심-컵라면(김치큰사발)16개@, 16개",210390,190230,False,False,False
"품목명: 풀무원 생면식감 생라면 매운맛 95.9g, 4개",210390,190230,False,False,False
"품목명: 한성기업 런천미트, 340g, 6개",160559,160250,True,False,False
"품목명: 삼양 맵탱 흑후추소고기라면 110g, 8개",190230,190230,True,True,True
"품목명: Rio Santo 리오산토 케이퍼, 110g, 1개",210690,200190,False,False,False
"품목명: 사조참치 살코기 안심따개, 135g, 4개",030359,160414,False,False,False
"품목명: 농심 멸치칼국수사발 75g x16개 1박스 자취템 쏘울푸드 분식 학생 완내스 쏘울푸드, 6개",190230,19023000,True,True,False
"품목명: [메가마트]폰타나 볼로냐 베이컨 볼로네제 파스타소스 430g, 1개",190230,210390,False,False,False
품목명: 삼양라면 작은컵 65g 6개,190230,19023000,True,True,False
"품목명: 쿡샵 월남쌈 라이스페이퍼 원형, 300g, 3개",190230,190590,True,False,False
"품목명: 구스토라 삼색푸실리 500g, 1개",190230,190219,True,True,False
"품목명: 양반 밥, 130g, 24개",190230,190590,True,False,False
"품목명: 복음자리 무농약무화과잼350g, 350g, 1개",200791,2007999000,True,True,False
"품목명: 데체코 딸리아뗄레 500g, 1개",190230,190219,True,True,False
"품목명: 오뚜기 생면사리 200g, 8개",190230,190230,True,True,True
"품목명: 오뚜기 [㈜오뚜기] 오뚜기 백세 카레 약간매운맛 1Kg X 10, 1개",210390,210390,True,True,True
"품목명: 면사랑 사누끼 우동면 (냉동), 230g, 8개입",190230,190230,True,True,True
"품목명: 곰표 라폰테 스파게티-11 500g, 6개",210120,19021900,False,False,False
품목명: 원하프불닭볶음면(소/컵)70gx6/삼양총알배송 6개,190230,190230,True,True,True
"품목명: 삼양 로제 불닭 볶음면 큰컵 105g, 6개",110630,190230,False,False,False
"품목명: 팔도왕뚜껑 미니 왕뚜껑 컵라면 80g, 6개",160559,190230,False,False,False
"품목명: 곰곰 사골곰탕, 500g, 18개",160250,160210,True,True,False
"품목명: 샘표 쌀 소면, 800g, 2개",100640,190230,False,False,False
"품목명: [농심]누들핏 육개장사발면맛 (35.5g x 8개), 8개",210390,190230,False,False,False
"품목명: 이팬트리 데체코 리가토니 500g, 1개",190230,190219,True,True,False
품목명: 농심 덴마크 튤립햄 클래식 200g 6개 스팸 리챔 햇반,200799,160241,False,False,False
"품목명: 햇반컵반 강된장 보리 비빔밥, 280g, 6개",210390,190230,False,False,False
"품목명: 아즈테카 밀또띠야 25CM), 420g, 1개",110630,190590,False,False,False
"품목명: 칠갑 메밀면, 400g, 1개",520521,190230,False,False,False
"품목명: 오뚜기 진비빔면 멀티팩(4입) X 2개 (총 8봉), 8개",190230,210690,False,False,False
"품목명: 매콤한 비법국물 진한풍미 백종원의 빽쿡 빽라면 115g, 8개",190590,190230,True,False,False
"품목명: 오뚜기 치즈볶이 컵라면 대, 6개",190230,1902301000,True,True,False
"품목명: 오늘차림 안심한우뼈로 만든 한우다 한우곰탕 냉장, 500g, 3개",020220,160250,False,False,False
"품목명: CJ 햇반현미귀리곤약밥, 150g, 5개",100620,190490,False,False,False
"품목명: [농심] 순하군 안성탕면, 10개",110630,190230,False,False,False
"품목명: 오동통한 면발 농심 순한 너구리 120g*5입 8개, 5개",190230,190230,True,True,True
"품목명: 농심 생생우동 용기 276g 12개입, 5개",210410,1902301000,False,False,False
"품목명: 천혜식품 노리 후리가케, 500g, 1개",210390,210390,True,True,True
"품목명: 블루존 안성탕면 소컵라면 66g (6입), 6개",190230,19023000,True,True,False
"품목명: 스팸 싱글 클래식 80g, 6개",240290,160250,False,False,False
품목명: (올따옴)농심 오징어짬뽕 124g 20개,190230,190230,True,True,True
"품목명: 샤포코 분투이 300g 1 박스 50개 (베트남 쌀국수 사포코 SAFOCO), 5개",190230,190230,True,True,True
"품목명: 보노 컵스프 콘스프맛, 57g, 5개",210690,210410,True,False,False
"품목명: 농심 둥지 비빔냉면, 4개",210390,190230,False,False,False
"품목명: 프레시지 북창동 소고기 순두부 찌개 밀키트 2인분, 620g, 1개",210410,160290,False,False,False
"품목명: 몬 뉴 월남쌈 원형16cm 300g, 2개",160432,190590,False,False,False
"품목명: 산롱고바디줄리아노 토마토 홀, 3개, 800g",070200,200210,False,False,False
"품목명: 당면 알뜰 오뚜기 1kg 고구마 전분 잡채 찰당면 전문, 1개",110819,19023000,False,False,False
"품목명: 본마망 딸기 잼 370g 쨈, 1개",200799,002007,False,False,False
"품목명: 비비고 인기즉석 탕찌개 6종(두부김치+된장찌개+사골곰탕+육개장+미역국+차돌된장찌개), 1세트",110630,210410,False,False,False
"품목명: 팔도 뽀로로 짜장 65G, 6개",210390,190230,False,False,False
"품목명: 비소뉴 스무스 앤 크리미 땅콩버터, 500g, 1개",180632,200811,False,False,False
"품목명: 삼양식품 까르보불닭볶음면소컵 x 6입 (W93A24A), 6개",190230,190230,True,True,True
"품목명: 오뚜기 3일 숙성카레 약간 매운맛 고형, 200g, 2개",210390,210390,True,True,True
"품목명: 팔도 짜장면 4입 203g, 8개",190230,190240,True,True,False
품목명: 샘표 티아시아키친 치킨 마크니 커리 170g x 4개,110630,210390,False,False,False
"품목명: 팔도 라볶이 봉지라면, 8개",190230,190230,True,True,True
"품목명: 오뚜기 크림 스프, 1kg, 1개",210690,210410,True,False,False
"품목명: 샘표 밸런스죽 전복내장죽, 420g, 5개",160559,1902301000,False,False,False
"품목명: 팜유없는 땅콩버터 피넛버터앤코 무가당 설탕 무첨가 올드패션드 크런치, 1개, 454g",200811,200811,True,True,True
"품목명: 오뚜기 직접 볶은 간짜장 고형 212g, 2개",210390,190230,False,False,False
"품목명: 오뚜기짜장 100g, 3개",210390,190230,False,False,False
"품목명: 고등어 300g 원터치*3캔, 3개",160415,160414,True,True,False
"품목명: 복음자리 45도 과일잼 딸기, 350g, 1개",200880,2007999000,True,False,False
"품목명: 풀무원 자연은 맛있다 정면 108.1g x 4입, 4개",110630,190230,False,False,False
"품목명: 농심 장칼국수103g무료배송, 4개",190230,190230,True,True,True
"품목명: 갓 볶은 짜장의 맛을 느낄 수 있는 짜장라면 더본 백종원의 빽쿡 빽짜장 (사탕증정), 4개",210390,19023000,False,False,False
"품목명: [농심]무파마탕면멀티팩 122G*4*8, 8개",190230,190230,True,True,True
"품목명: 백앤 디벨라 스파게티 1kg, 3개",210120,190219,False,False,False
"품목명: 햇반소프트밀 누룽지닭백숙죽 420g, 2개",190110,190190,True,True,False
"품목명: 오뚜기 오곡밥, 210g, 12개",190410,190410,True,True,True
"품목명: 팔도 꼬꼬면115gx5봉지, 5개",110630,190230,False,False,False
품목명: 누들핏 김치사발면맛 x 8개,210390,190230,False,False,False
"품목명: 스키피 노 슈가 애디드 피넛 버터 스프레드 청키, 1개, 454g",200811,200811,True,True,True
"품목명: (청정원) 청정원 스위트콘340g x6개, 340g, 6개",200580,200580,True,True,True
"품목명: 다원 원형 분모자, 250g, 8개",110630,190590,False,False,False
"품목명: 노리풍후리가께(이엔푸드 500g), 500g, 1개",121299,210390,False,False,False
"품목명: 청정원 맛있는밥&쇠고기 24g x3개, 4개",020727,190490,False,False,False
"품목명: 삼양라면 매운맛 120g, 10개",190230,190230,True,True,True
"품목명: 바른식 송탄식 부대전골 밀키트 2인분, 1.104kg, 1개",160559,210410,False,False,False
"품목명: 에스제이서진 팔도 틈새라면 고기짬뽕 120g +사은품 6000원상당 고급세차타월 증정, 4개",481820,190230,False,False,False
"품목명: 호텔컬렉션 에센셜 부드러운 소고기 미역국 냉장, 480g, 2개",160250,160210,True,True,False
"품목명: 오뚜기 빅컵누들 매콤한맛 61g, 6개",210690,190230,False,False,False
"품목명: 스파게티 룸모 1kg, 1개",481820,190220,False,False,False
"품목명: [임성근] 조리기능장 의 특 도가니탕 800g X 5팩, 5개",210410,210410,True,True,True
"품목명: 백제 쌀국수 멸치맛10개+김치맛10개, 92g, 20개",190219,190230,True,True,False
"품목명: 비비고 남도식 추어탕, 460g, 6개",160510,160420,True,False,False
"품목명: 농심 김치 사발면 소컵 86g, 30개",210410,190230,False,False,False
"품목명: 사미헌 한끼 갈비탕 (냉동), 700g, 2팩",020220,160250,False,False,False
"품목명: 로스팅 짜장 파기름 라면 4p, 4개",190230,190230,True,True,True
품목명: 비비고 단호박죽 420g 4개,200899,190110,False,False,False
"품목명: 오뚜기 라이트 슈가 딸기잼 290G, 1개",200799,2007991000,True,True,False
"품목명: 햇반 매일찰잡곡밥 210gx24개(1box), 210g, 12개",190590,190410,True,False,False
"품목명: 에스비 골든카레 중간매운맛, 220g, 3개",210390,2103909090,True,True,False
"품목명: 풀무원 새콤달콤 생쫄면 4인, 920g, 1개",110630,190230,False,False,False
"품목명: 오뚜기 수퍼 스위트콘 초당옥수수, 340g, 3개",200580,2005800000,True,True,False
"품목명: 화미 화미랑면, 14kg, 1개",110630,190230,False,False,False
"품목명: 복음자리 잼다운 잼 딸기 앤 라즈베리, 1개, 225g",200799,002007,False,False,False
"품목명: 카구리 103g, 6개",090210,1905909090,False,False,False
"품목명: 청향식품 [청향식품] 오이피클 (슬 리치스 3K) X 6, 1개, 3kg",200190,200110,True,True,False
품목명: 천지라면 맵부심 라면 오뚜기 농심 팔도 4종 19개입 (열라면5 신라면더레드4 틈새라면5 진라면5),190230,190230,True,True,True
"품목명: CJ 컵반 스팸김치덮밥 251g x 6입, 6개",190230,190230,True,True,True
"품목명: 링귀니(디벨라 500g)X4/식자재, 500g, 4개",290250,190230,False,False,False
"품목명: 알티스트 설탕대신 스테비아 딸기잼, 1개, 240g",200799,200799,True,True,True
"품목명: 풀무원 생칼국수 2인분, 320g, 1개",190219,190230,True,True,False
"품목명: 짜파게티 사천 137g, 4개",190230,190230,True,True,True
"품목명: 풀무원 밀 누들 국물떡볶이 2인분, 423.5g, 1개",110630,19023000,False,False,False
"품목명: 곰곰 감자 수제비, 300g, 1개",200410,190220,False,False,False
"품목명: 오징어짬뽕 124g, 5개",160554,160490,True,False,False
"품목명: 청정원 찰진 감자 생수제비 2~3인분, 300g, 1개",200410,190410,False,False,False
"품목명: 업소용 쇠고기다시다(백설 500g)X20, 500g, 1개",020727,210410,False,False,False
"품목명: 미원 감칠맛미원, 500g, 1개",210390,21039090,True,True,False
"품목명: 백설 콩기름, 1.8L, 3개",151620,001508,False,False,False
"품목명: 대상 청정원 생와사비 40g, 1개",160540,210390,False,False,False
"품목명: 햇님마을 국물 땡기는 고운 국산 청양 고춧가루 매우매운맛, 120g, 1개",210390,090420,False,False,False
"품목명: 신선약초 생강가루, 80g, 1개",091012,091011,True,True,False
"품목명: 대상청정원 감칠맛미원용기72g, 72g, 1개",210390,210690,True,False,False
"품목명: 곰곰 국산 다진마늘, 500g, 1개",070320,2005991000,False,False,False
"품목명: 청정원 천일염 가는소금, 1kg, 1개",250100,250100,True,True,True
"품목명: CJ 백설밀가루중력 1kg, 1개",110630,110100,True,False,False
"품목명: 오뚜기 순후추, 100g, 2개",200899,090412,False,False,False
"품목명: 배대감 국산들깨가루, 200g, 1개",200819,110620,False,False,False
"품목명: 시장쏙 시골집 외할머니 참기름, 300ml, 1개",151550,151590,True,True,False
"품목명: 백설 하얀설탕, 1kg, 5개",170113,170199,True,True,False
"품목명: 브로슈낭 유기농 엑스트라 버진 올리브오일, 250ml, 1개",150920,001509,False,False,False
"품목명: 맛선생 멸치디포리 국물내기 한알, 160g, 3개",210390,030569,False,False,False
"품목명: 샘표 쇠고기맛이진한다시, 1kg, 1개",210390,210410,True,False,False
"품목명: 알티스트 밀가루대신 글루텐프리 아몬드 파우더, 250g, 1개",190190,110620,False,False,False
"품목명: 백설 옥수수유, 1.8L, 2개",150110,001508,False,False,False
"품목명: [대상] 미원 맛소금 95g, 1개",210390,210390,True,True,True
"품목명: 해표 압착올리브유, 250ml, 1개",150920,001509,False,False,False
"품목명: 류명가 들기름, 1개, 350ml",151499,151590,True,False,False
"품목명: 산지로드 100% 국산 24년도 햇 고춧가루 특품, 1개, 1kg",210390,090420,False,False,False
"품목명: 백설 찹쌀호떡믹스, 400g, 1개",190120,1901201000,True,True,False
"품목명: 올계 유기농 치킨스톡, 140g, 1개",210410,160232,False,False,False
"품목명: 부침가루 오뚜기 1KG / 부침개 / 전 / 빈대떡, 1개",190190,190190,True,True,True
"품목명: 백설 압착 올리브유, 500ml, 1개",150920,001509,False,False,False
"품목명: 오뚜기 옛 날 참기름, 350ml, 1개",151550,151590,True,True,False
"품목명: 곰표 박력다목적용 밀가루, 2.5kg, 6개",110630,110100,True,False,False
"품목명: 오뚜기 이금기소스모음전/동파육소스/팬더굴소스/치킨파우더/맛간장/치킨스톡/황두장/두반장/해선장 외, 273g, 1개",210390,210390,True,True,True
"품목명: 큐원 갈색설탕, 1kg, 1개",170114,170199,True,True,False
"품목명: 원하프순후추50g/오뚜기총알배송, 50g, 1개",210690,0904120000,False,False,False
"품목명: 오뚜기 우동 건더기 스프, 250g, 2개",210390,210410,True,False,False
"품목명: 리지 현미유, 500ml, 1개",151219,151590,True,False,False
"품목명: 연두 비법육수링 구운 표고 다시마 야채 코인육수 35p, 140g, 1개",071239,210410,False,False,False
"품목명: 파르키오니 엑스트라 버진 올리브 오일, 1L, 1개",150920,001509,False,False,False
"품목명: 슈가스위치 알룰로스, 1.35kg, 1개",293969,170290,False,False,False
"품목명: 시에라 데 유티엘 엑스트라버진 올리브 오일, 1L, 1개",150920,001509,False,False,False
"품목명: 청정원 올리브유 스프레이, 1개, 250ml",150920,001509,False,False,False
"품목명: 배대감 찹쌀가루, 500g, 1개",110630,110100,True,False,False
"품목명: 오뚜기 오쉐프 진한 라면스프, 285g, 4개",210410,190230,False,False,False
"품목명: 오감식탁 더 진한 육수, 195g, 1개",210410,210410,True,True,True
"품목명: 산루카스 엑스트라버진 아보카도 오일, 500ml, 1개",150990,001509,False,False,False
"품목명: 스페인 올리브오일 포마스 250ml 1+1 행사제품, 2개",150920,001509,False,False,False
"품목명: 건더기스프(오뚜기 250g), 250g, 1개",210390,210410,True,False,False
"품목명: 곰표 중력다목적용 밀가루, 1kg, 10개",110630,110100,True,False,False
"품목명: 해표 압착 올리브유, 900ml, 1개",150920,001509,False,False,False
"품목명: 하진이네 버섯뜰에 / 국산 무농약 건조 표고버섯 슬라이스, 2개, 100g",071239,071239,True,True,True
"품목명: 전연화 들기름, 300ml, 1개",151499,151590,True,False,False
"품목명: 청정원 포도씨유, 900ml, 2개",151499,151590,True,False,False
"품목명: 밀가루 대신 타피오카 전분 1.2kg, 1개",190300,110814,False,False,False
"품목명: 오뚜기 뉴슈가 조미료 김장재료 가성비 식료품 간편한 60g, 2개",210390,210390,True,True,True
"품목명: 해표 천일염 굵은소금, 1.5kg, 1개",250100,250100,True,True,True
"품목명: 파평분식 떡볶이 소스 분말 순한맛, 500g, 1개",110510,210390,False,False,False
"품목명: 산마을 간편 야채톡, 45g, 2개",071140,210690,False,False,False
"품목명: 시장쏙 고소한 길이네 참기름, 1개, 300ml",151550,151590,True,True,False
"품목명: 네츄라바이오푸즈 엑스트라버진 아보카도 오일, 1L, 1개",150920,001509,False,False,False
"품목명: 곰곰 페페론치노 홀, 25g, 1개",170490,200190,False,False,False
"품목명: [24년햇고추] 국산 일편단심 해풍에 말린 태양초 고춧가루 일반 보통맛 / 최근제조 / 김치양념용, 1kg, 2개",210390,090422,False,False,False
"품목명: 고미네 국산 100% 생강가루 200g (용기) 무첨가 천연조미료, 1개",091011,091011,True,True,True
"품목명: 풀무원 다진마늘 용기, 260g, 1개",210390,2005991000,False,False,False
"품목명: 샘표 소금요정 꽃소금, 500g, 1개",250100,2501000000,True,True,False
"품목명: 루글리오 엑스트라버진 올리브 오일 페트병 / PET, 1L, 1개",150920,001509,False,False,False
"품목명: 류명가 참기름, 1개, 350ml",151550,151590,True,True,False
"품목명: 아지노모도 혼다시 120g, 1개",210390,210390,True,True,True
품목명: 강고집 20가지 국산 자연재료 육수한포 80g 2개 (4g 40포),210410,210410,True,True,True
"품목명: 곰곰 디포리해물다시팩, 18g, 30개",160540,210410,False,False,False
"품목명: 미쓰리 떡볶이 소스 02 보통맛, 100g, 5개",210390,210390,True,True,True
"품목명: 말돈 소금, 570g, 1개",250100,210390,False,False,False
"품목명: 오큐비(O.Q.B) 감자전분, 500g, 1개",110813,110813,True,True,True
"품목명: 곰표 밀가루, 3kg, 2개",110630,110100,True,False,False
"품목명: 시아스 파기름, 1개, 500ml",151620,151590,True,False,False
"품목명: 해표 참진한 들기름, 320ml, 2개",151550,151590,True,True,False
"품목명: 사조해표 카놀라유 250ml, 1개",210690,151219,False,False,False
"품목명: 라면 스틱 매운맛, 80g, 1개",190230,190230,True,True,True
"품목명: 풀무원 국산 홍 고춧가루, 200g, 1개",210390,090422,False,False,False
"품목명: [24년 햇고추] 국산 일편단심 태양초 고춧가루 보통맛 / 최근제조 / 김치양념용, 500g, 1개",210390,090420,False,False,False
"품목명: 밥스레드밀 오가닉 통밀가루, 2.27kg, 1개",110630,110290,True,False,False
"품목명: 데체코 올리오 엑스트라 버진 디 올리바, 1L, 1개",150920,001509,False,False,False
"품목명: 오뚜기 핫케이크 믹스, 1kg, 2개",190590,190120,True,False,False
"품목명: 바삭하고 고소한 튀김가루 1KG, 1개",110630,190120,False,False,False
"품목명: 퀘이커 마시는 오트밀 오트&그레인, 50g, 50ml, 20개",210690,190490,False,False,False
